id,author,name
1149369,ぐすたふ,蕾卡乃华丽且我的女王 [ぐすたふ] レイカは华丽な僕の女王 [中国翻译] [DL版]
1319002,管人痴,牢本和夜车不得不品的一环
419984,猫と爪呸罗呸罗,猫と爪呸罗呸罗-恶毒（猫爪呸罗呸罗）
419982,猫と爪呸罗呸罗,猫と爪呸罗呸罗-霞泽美游 （猫爪呸罗呸罗）
1228534,柔柔弱弱揉揉头,霞泽美游动图
1224705,Raramuda,【Raramuda / 拉拉】龙狩り人と彼の小さなウサギ/猎龙人与他的小兔子(原神)
1229459,CunnyFunky,[CunnyFunky] Kafuu Chino [AI Generated]
293966,汐烧あゆ,[汐烧あゆ] 溺惑マゾヒスティック【FANZA特别版】[瑞树汉化组] 个人整合
295396,ぽろん,[老猫汉化][こねこ组 (ぽろん)] 空魈が壶の中でえっちする本 (原神)
527738,shuffle kozi,异世界伪娘王子顺从奴隶〜把受到诅咒而无法长大的王子玩弄到雌堕〜[瑞树汉化组] (C103) [新生ロリショタ (shuffle、kozi)] 异世界オトコノコ王子从顺隷奴〜呪いで成长が止まった王子を弄びメス堕ちさせる〜 [中国翻译]
152430,元元,[元元] 兄友弟攻 [中国翻译]
78282,あみん,[瑞树汉化组][MiUMiU (あみん)] ひみつのきょうだい (ハンター×ハンター)
430493,猫玄,[猫玄] 僕らの好色少年团 [DL版]
529307,猫玄,(C103) [T.4.P (猫玄)] タカシくんは好きです、でもパパの方がも～っと好きです。 (オリジナル)
95381,default_author,[猫玄] お邻家族
95382,default_author,[猫玄] 裸族の夜
95383,default_author,[猫玄] フキゲンｘゴキゲン
95380,default_author,[猫玄] とらい☆ぶっきんぐ
95385,default_author,[猫玄] パパなんか大嫌い
179601,default_author,[猫玄] ないしょの幼驯染み (僕らの好色少年团) [中国翻译]
223186,default_author,[册语草堂-071] (サンクリ2020 Spring) [T.4.P (猫玄)] 近所のボーイッシュにオナニーを教えてみた
148834,猫玄,(C97) [T.4.P (猫玄)] 押入れの中にロリが居る。
541979,猫玄,(C103) [T.4.P (猫玄)] お兄ちゃんVSヤンキー [中国翻译]
547778,猫玄,[想日电酱汉化组] [T.4.P (猫玄)] 先生が优しくしてくれたので...。 [中国翻译] [DL版]
1231953,猫玄,(C102) [T.4.P (猫玄)] 妹は寝てるだけ [中囯翻译]
1052264,猫玄,(C105) [T.4.P (猫玄)] なんでも许してくれる从姉妹のみぃちゃん。
541981,猫玄,[机翻] (コミティア137) [T.4.P (猫玄)] オナニースライムのひみつ [中国翻译]
7020,OKINA,[OKINA][杂志[COMIC Mate L Vol.2 2015年4月号]]
30576,Okina Flying Factory(OKINA),[Okina Flying Factory(OKINA)][伟大なる开演时间]
36697,Okina Flying Factory(OKINA),[Okina Flying Factory(OKINA)][インクブスの娘]
75476,default_author,[风的工房][OKINA] 秘蜜～ティアドロップス～
294389,OKINA,[夜空个人翻译] [OKINA] 夜の孵る音 (コミック Mate legend Vol.40 2021年8月号) [中国翻译]
369685,OKINA,[SAN个人汉化] (C100) [Okina Flying Factory (OKINA)] SEX SLAVE [中国翻译] [DL版]
520270,OKINA,(C103) [Okina Flying Factory (OKINA)] ひみつのいけないこと [见本]
529042,OKINA,(C103) [Okina Flying Factory (OKINA)] ひみつのいけないこと (オリジナル)
1094608,OKINA,[OKINA]禁谈の幼声[中国翻译]
1107431,OKINA,[Okina Flying Factory (OKINA)] 秘鸣姦狱 [中国翻译]
1202073,OKINA,欢迎光临孤羽楼[Bismuth个人汉化] (C104) [Okina Flying Factory (OKINA)] 孤羽楼へようこそ [中国翻译]
1202083,Okina,莉乃酱的工作 [Bismuth个人汉化] [OFF (Okina)] 梨乃ちゃんのおしごと [中国翻译] [DL版]
1202432,Okina,[Bismuth个人汉化] [Okina] Club Alice - ルナちゃん 
1209906,OKINA,[红哥汉化] (ぷにケット13) [Okina Flying Factory (OKINA)] 魂融点 "SHRIEK" [中国翻译]
1364507,だんちょ,奈落同学沉迷刺激 [我爱毛毛] (C107) [秘密结社うさぎ (だんちょ)] 奈落さんは、スリルに恋してる。[中国翻译] [DL版]
112988,ふらいぱん大魔王,[ふらいぱん大魔王(提灯暗光)][みゃ～姉乳业] (私に天使が舞い降りた!) 
113358,default_author,[スタジオた～ (狂一郎)] わたちん!! (私に天使が舞い降りた!)
114808,てすた厨房 (てすた),(SHT2019春) [てすた厨房 (てすた)] なかだしてんしタイム! (私に天使が舞い降りた!)
118463,神乃啓,(サンクリ2019 Spring) [BANGEYA (神乃啓)] office+love14.5 (私に天使が舞い降りた!)
122901,たいぷはてな,[无毒汉化组](C96) [セカンドカラー (たいぷはてな)] きょうのおなほ (私に天使が舞い降りた!) [中国翻译]
123447,神无月元史,[想日电酱汉化组](C96)[ろ～たり～Engine (神无月元史)] MBJSが舞い降りた! (私に天使が舞い降りた!) [中国翻译] [DL版]
133057,まぷる,[Lolipoi汉化组] (C96) [MAPLER (まぷる)] みゃー姉のおともだち (私に天使が舞い降りた!) [中国翻译]
137256,佐伯达也,[绅士仓库汉化] (C96) [秒杀狸团 (佐伯达也)] はめてん (私に天使が舞い降りた!)
148047,冻咲しいな,[绅士仓库汉化] (C97) [こつぶあん (冻咲しいな)] 媚热な天使たち (私に天使が舞い降りた!)
148722,佐伯达也,[失传技术研究所字幕组] (C97) [秒杀狸团 (佐伯达也)] 天使が风吕に舞い降りた (私に天使が舞い降りた!)
165598,村井村,[失传技术研究所字幕组] (C97) [村井村] 天使が魔族姉妹にキュンキュンされちゃう (まちカドまぞく、私に天使が舞い降りた!)
166006,田中竕,[金刚叶个人自翻] (サンクリ2019 Spring) [ワッフル同盟犬 (田中竕)] 私に精子が舞い降りた! (私に天使が舞い降りた!) [中国翻译]
177687,村井村,[失传技术研究所字幕组] (サンクリ2019 Summer) [村井村] ひなたの家庭教师はひなた (ヤマノススメ、私に天使が舞い降りた!) [中国翻译]
177688,村井村,[失传技术研究所字幕组] (サンクリ2019 Summer) [村井村] ひなたの家庭教师はひなた (ヤマノススメ、私に天使が舞い降りた!) [中国翻译]
178919,ちゃつね,[金刚叶个人自翻] (COMIC1☆15) [White Lolita (ちゃつね)] 私に×××が生えてきた! (私に天使が舞い降りた!) [中国翻译]
179105,てすた,[失传技术研究所字幕组] (C97) [てすた厨房 (てすた)] グライドアンドグラインド (私に天使が舞い降りた！) [中国翻译]
179447,Okayu,[黄记汉化组] (C96) [Okayushop (Okayu)] わたちん (私に天使が舞い降りた!) [中国翻译]
181619,里月ちよ,[图吧垃圾王个人自翻] (マジ天使!2) [どあのぶ (里月ちよ)] おにいさん♡よしよし♡♡ (私に天使が舞い降りた!)
192403,てすた,[脸肿汉化组] (マジ天使!2) [てすた厨房 (てすた)] LOWLOVER (私に天使が舞い降りた!)
219330,default_author,(C96) [Alice Digital Factory (广末まろん)] SWEET MILK PARTY! (私に天使が舞い降りた!) [中国翻译]
250906,村井村,(C96) [村井村 (村井村)] 山顶のお风吕で交尾して绝顶 (私に天使が舞い降りた!、ヤマノススメ) [中国翻译]
303040,くまQM,[失传技术研究所字幕组] [くまQM] おじさんに天使が舞い降りた! (私に天使が舞い降りた!)
303175,村井村,[失传技术研究所字幕组] [村井村 (村井村)] ひなのあとなわとび弄び (私に天使が舞い降りた!) [中国翻译]
303313,里月ちよ,[失传技术研究所字幕组] (C96) [どあのぶ (里月ちよ)] おねがい!こよりちゃんッ (私に天使が舞い降りた!) [中国翻译]
330286,真未たつや 霞彩ゆきは,[失传技术研究所字幕组] (COMIC1☆15) [千岁乌山第2出张所 (真未たつや、霞彩ゆきは)] わたてんらくがきぼん (私に天使が舞い降りた!) [中国翻译]
469829,えのずでる,[白杨汉化组] [えのずでる] 种村小依ちゃんと❤ (私に天使が舞い降りた!) [中国翻译]
1156509,kamasu,小小的天使降临到我家中。 [吗喽汉化组] [Tarotha123个人无修] [滑らか精肉店 (kamasu)] 天使が家に泊まりに来た。 [中国翻译] [无修正]
1256846,羊羽忍,[甜族星人x我不看本子汉化] (C107) [Part K (羊羽忍)] カズラちゃんにむらむらする (Fate／Grand Order)
20920,ANCHOR (武藤まと),[萝莉援助汉化组] (コミティア116) [ANCHOR (武藤まと)] My Little Maid [DL版]
7713,ANCHOR (武藤まと),(C90) [ANCHOR (武藤まと)] My Little Maid 2 (オリジナル)
105392,Mieow (らする), [Mieow (らする)] Fondle Lollipop #4[surely个人汉化]
4293,default_author,[ネムネム] おとこのこちっく
1230393,とろろ,[Dawn个人汉化] [とりあえず(假) (とろろ)] あんた凭いてるわよ (东方Project) [中国翻译] [DL版]
1233932,バケツプリン,雌小鬼❤芙兰酱 睡奸后窍调教 趁深眠之时无法察觉的间隙 变态❤肛门❤沦爲奴隶的妹妹大人 [C96] [明稿昨拖汉化组] (C96) [ひめぷち亭 (ハマブリッチ)] メスガキ♥フランちゃん睡姦アナル调教♥~眠っていて气が付かないうちに变态♥アナル♥奴隷にされる妹样♥~ (东方Project) [中国翻译]
1231774,とろろ,[Dawn个人汉化] [Digital] [とりあえず(假) (とろろ)] モブ肉バイブで初H (东方Project) [中国翻译] [DL版]
1249303,猥裸,[明稿昨拖汉化组] (秋季例大祭4) [サルパッチョ (猥裸)] 图书馆でちんちん使う仕事 (东方Project)
1249796,りかたん☆,[明稿昨拖汉化组] (例大祭15)[CARAMEL CRUNCH! (りかたん☆)] MB Scarlet[中国翻译]
1251899,N/A,脑内彼女东方project汉化作品集
